pair_id,decision,reviewed_at,reviewer
b1b506a4337d1a76b4cc3b356204b27dc6a970cac83c18d9cbffd23eeed6ea00,accepted,2026-10-02T08:57:15+00:00,local
66aee5d2f31050fa90cc76de452f56466db58809823bbc1f9079587f5db79018,accepted,2026-10-02T08:57:16+00:00,local
8fe49d26a0e9ed2965a2ad0bc7cbd0a8283686582b8452fba6e21b9bc5dc24c5,accepted,2026-10-02T08:57:17+00:00,local
056e5312350f1a83fc22312dce04f2e35b4cc1adc9366389fbb9a91a9e8cd25f,accepted,2026-10-02T08:57:18+00:00,local
87b50ee22e935c3284528176af20654c14f1cf55e99f784a615ab96277be2411,accepted,2026-10-02T08:57:20+00:00,local
d09c459fec6d68846fc8623ac61db95fe8e07202c10a84a75d971d33300b4c20,accepted,2026-10-02T08:57:21+00:00,local
40091c65e6bc4661f270ce16e5d18f22d32f215ef33371d500026f7bac5b1856,accepted,2026-10-02T08:57:23+00:00,local
869412093c3cf412b434d95f83ed02fb5dc23a579bca02cf275a150b75b0e6f7,accepted,2026-10-02T08:57:25+00:00,local
d368b3bba5b6d214010bf48ddacdd0587fc163285dc77d80dcb1f5de460bdb63,accepted,2026-10-02T08:57:30+00:00,local
18f7e809eefd9bed26ab3bb417d440e7c0a70f0db61a14557e615171294474f8,accepted,2026-10-02T08:57:31+00:00,local
5099ad652f2b97fb7ae0929e6481f5df1ea2520f2fbbe4cc2e2a3633dabb8aef,accepted,2026-10-02T08:57:32+00:00,local
650499223e824712cbd0053e05866db258ce4c9d9eccb8c82405979becd56e6f,accepted,2026-10-02T08:57:33+00:00,local
de4eacb7ae68540775f75a41dada5d194df281a6b9a742be9ce27ce3a8340033,accepted,2026-10-02T08:57:35+00:00,local
f95f9bd2035a46653a35774d1309371ca5cd27cb87d84f393ae45a0788a87989,accepted,2026-10-02T08:57:36+00:00,local
d3e94fa513553b75fe7ee3001c51998104c209fc3fd5417d018e5e9b623aadd9,accepted,2026-10-02T08:57:37+00:00,local
c68c3623f887da49cc951f3149067dd666313eb8291cf001d6283a0b53377c26,accepted,2026-10-02T08:57:38+00:00,local
7373f0c7071d4b133626847b7b32cd913379dbda8e18b33a8dae4d9de889fd65,accepted,2026-10-02T08:57:39+00:00,local
06d19f34ddc530c4ffb14bc201df0bc6f9fe1fca71d54d20f54fca121542c109,accepted,2026-10-02T08:57:40+00:00,local
5cb044e683c2bd332e6003769925bc67a571a5e348baef22fe6f1a7d222aa98b,accepted,2026-10-02T08:57:41+00:00,local
07b6aa8e7229d8c4e37d6cd1dbf12d11405797ec2df253580d79c2ea745f11da,accepted,2026-10-02T08:57:42+00:00,local
5d5d960a938246751660426b3a0c16d585d3d3b02b62e08b9b5f0778ad58a9c9,accepted,2026-10-02T08:57:54+00:00,local
d73d997b8a34b18bc15d41a5f981267794d5418fbcd7356432395f7144116ad7,accepted,2026-10-02T08:57:56+00:00,local
12444bb8cbdfcf5e448b2c5418e1357ba435a4bfa433a8a5e16cb4e7ebd4ac24,accepted,2026-10-02T08:57:57+00:00,local
