pair_id,image_a_id,image_a_shared_rel_path,image_a_source,image_a_raw_relative_path,image_a_width,image_a_height,image_b_id,image_b_shared_rel_path,image_b_source,image_b_raw_relative_path,image_b_width,image_b_height,cosine_similarity,candidate_reasons,dino_threshold_match,dino_window_match,exact_sha256_match,lightglue_prediction,lightglue_confidence,match_count
b1b506a4337d1a76b4cc3b356204b27dc6a970cac83c18d9cbffd23eeed6ea00,set_a/Brera Rafael 02.jpg,work/images/set_a_Brera Rafael 02.jpg,set_a,Brera Rafael 02.jpg,1920,2880,set_b/LA91918_1.jpg,work/images/set_b_LA91918_1.jpg,set_b,LA91918_1.jpg,407,512,0.9256684184074402,dino_threshold;dino_window,1,1,0,1,1.0,533
66aee5d2f31050fa90cc76de452f56466db58809823bbc1f9079587f5db79018,set_a/Brera Rafael 02.jpg,work/images/set_a_Brera Rafael 02.jpg,set_a,Brera Rafael 02.jpg,1920,2880,set_b/LA91918_2.jpg,work/images/set_b_LA91918_2.jpg,set_b,LA91918_2.jpg,320,489,0.9254484176635742,dino_threshold;dino_window,1,1,0,1,1.0,591
8fe49d26a0e9ed2965a2ad0bc7cbd0a8283686582b8452fba6e21b9bc5dc24c5,set_a/Brera Rafael 03.jpg,work/images/set_a_Brera Rafael 03.jpg,set_a,Brera Rafael 03.jpg,1920,2880,set_b/LA91918_1.jpg,work/images/set_b_LA91918_1.jpg,set_b,LA91918_1.jpg,407,512,0.9230905175209045,dino_threshold;dino_window,1,1,0,1,1.0,570
056e5312350f1a83fc22312dce04f2e35b4cc1adc9366389fbb9a91a9e8cd25f,set_a/Brera Rafael 03.jpg,work/images/set_a_Brera Rafael 03.jpg,set_a,Brera Rafael 03.jpg,1920,2880,set_b/LA91918_2.jpg,work/images/set_b_LA91918_2.jpg,set_b,LA91918_2.jpg,320,489,0.9217751026153564,dino_threshold;dino_window,1,1,0,1,1.0,591
87b50ee22e935c3284528176af20654c14f1cf55e99f784a615ab96277be2411,set_a/Marriage of the Virgin by Raffaello Sanzio-Pinacoteca di Brera-Milan.jpg,work/images/set_a_Marriage of the Virgin by Raffaello Sanzio-Pinacoteca di Brera-Milan.jpg,set_a,Marriage of the Virgin by Raffaello Sanzio-Pinacoteca di Brera-Milan.jpg,915,1280,set_b/LA91918_1.jpg,work/images/set_b_LA91918_1.jpg,set_b,LA91918_1.jpg,407,512,0.9200626611709595,dino_threshold;dino_window,1,1,0,1,1.0,567
d09c459fec6d68846fc8623ac61db95fe8e07202c10a84a75d971d33300b4c20,set_a/Brera Rafael 02.jpg,work/images/set_a_Brera Rafael 02.jpg,set_a,Brera Rafael 02.jpg,1920,2880,set_b/LA91918_0.jpg,work/images/set_b_LA91918_0.jpg,set_b,LA91918_0.jpg,335,512,0.9185636639595032,dino_threshold;dino_window,1,1,0,1,1.0,682
40091c65e6bc4661f270ce16e5d18f22d32f215ef33371d500026f7bac5b1856,set_a/Brera Rafael 02.jpg,work/images/set_a_Brera Rafael 02.jpg,set_a,Brera Rafael 02.jpg,1920,2880,set_b/LA91918_3.jpg,work/images/set_b_LA91918_3.jpg,set_b,LA91918_3.jpg,320,403,0.9183859825134277,dino_threshold;dino_window,1,1,0,1,1.0,500
869412093c3cf412b434d95f83ed02fb5dc23a579bca02cf275a150b75b0e6f7,set_a/Marriage of the Virgin by Raffaello Sanzio-Pinacoteca di Brera-Milan.jpg,work/images/set_a_Marriage of the Virgin by Raffaello Sanzio-Pinacoteca di Brera-Milan.jpg,set_a,Marriage of the Virgin by Raffaello Sanzio-Pinacoteca di Brera-Milan.jpg,915,1280,set_b/LA91918_2.jpg,work/images/set_b_LA91918_2.jpg,set_b,LA91918_2.jpg,320,489,0.9161601066589355,dino_threshold;dino_window,1,1,0,1,1.0,590
d368b3bba5b6d214010bf48ddacdd0587fc163285dc77d80dcb1f5de460bdb63,"set_a/Huwelijk van Maria en Jozef Lo sposalizio, RP-P-OB-70.814.jpg","work/images/set_a_Huwelijk van Maria en Jozef Lo sposalizio, RP-P-OB-70.814.jpg",set_a,"Huwelijk van Maria en Jozef Lo sposalizio, RP-P-OB-70.814.jpg",1920,2845,set_b/LA91918_2.jpg,work/images/set_b_LA91918_2.jpg,set_b,LA91918_2.jpg,320,489,0.9146220684051514,dino_threshold;dino_window,1,1,0,1,1.0,635
18f7e809eefd9bed26ab3bb417d440e7c0a70f0db61a14557e615171294474f8,set_a/Brera Rafael 03.jpg,work/images/set_a_Brera Rafael 03.jpg,set_a,Brera Rafael 03.jpg,1920,2880,set_b/LA91918_0.jpg,work/images/set_b_LA91918_0.jpg,set_b,LA91918_0.jpg,335,512,0.9143829941749573,dino_threshold;dino_window,1,1,0,1,1.0,644
5099ad652f2b97fb7ae0929e6481f5df1ea2520f2fbbe4cc2e2a3633dabb8aef,set_a/Marriage of the Virgin by Raffaello Sanzio-Pinacoteca di Brera-Milan.jpg,work/images/set_a_Marriage of the Virgin by Raffaello Sanzio-Pinacoteca di Brera-Milan.jpg,set_a,Marriage of the Virgin by Raffaello Sanzio-Pinacoteca di Brera-Milan.jpg,915,1280,set_b/LA91918_3.jpg,work/images/set_b_LA91918_3.jpg,set_b,LA91918_3.jpg,320,403,0.9142268896102905,dino_threshold;dino_window,1,1,0,1,1.0,533
650499223e824712cbd0053e05866db258ce4c9d9eccb8c82405979becd56e6f,set_a/Brera Rafael 03.jpg,work/images/set_a_Brera Rafael 03.jpg,set_a,Brera Rafael 03.jpg,1920,2880,set_b/LA91918_3.jpg,work/images/set_b_LA91918_3.jpg,set_b,LA91918_3.jpg,320,403,0.9131128787994385,dino_threshold;dino_window,1,1,0,1,1.0,542
de4eacb7ae68540775f75a41dada5d194df281a6b9a742be9ce27ce3a8340033,"set_a/Huwelijk van Maria en Jozef Lo sposalizio, RP-P-OB-70.814.jpg","work/images/set_a_Huwelijk van Maria en Jozef Lo sposalizio, RP-P-OB-70.814.jpg",set_a,"Huwelijk van Maria en Jozef Lo sposalizio, RP-P-OB-70.814.jpg",1920,2845,set_b/LA91918_0.jpg,work/images/set_b_LA91918_0.jpg,set_b,LA91918_0.jpg,335,512,0.9111961722373962,dino_threshold;dino_window,1,1,0,1,1.0,689
f95f9bd2035a46653a35774d1309371ca5cd27cb87d84f393ae45a0788a87989,set_a/Marriage of the Virgin by Raffaello Sanzio-Pinacoteca di Brera-Milan.jpg,work/images/set_a_Marriage of the Virgin by Raffaello Sanzio-Pinacoteca di Brera-Milan.jpg,set_a,Marriage of the Virgin by Raffaello Sanzio-Pinacoteca di Brera-Milan.jpg,915,1280,set_b/LA91918_0.jpg,work/images/set_b_LA91918_0.jpg,set_b,LA91918_0.jpg,335,512,0.9093883037567139,dino_threshold;dino_window,1,1,0,1,1.0,621
d3e94fa513553b75fe7ee3001c51998104c209fc3fd5417d018e5e9b623aadd9,"set_a/Huwelijk van Maria en Jozef Lo sposalizio, RP-P-OB-70.814.jpg","work/images/set_a_Huwelijk van Maria en Jozef Lo sposalizio, RP-P-OB-70.814.jpg",set_a,"Huwelijk van Maria en Jozef Lo sposalizio, RP-P-OB-70.814.jpg",1920,2845,set_b/LA91918_1.jpg,work/images/set_b_LA91918_1.jpg,set_b,LA91918_1.jpg,407,512,0.8998716473579407,dino_threshold;dino_window,1,1,0,1,1.0,604
c68c3623f887da49cc951f3149067dd666313eb8291cf001d6283a0b53377c26,"set_a/Huwelijk van Maria en Jozef Lo sposalizio, RP-P-OB-70.814.jpg","work/images/set_a_Huwelijk van Maria en Jozef Lo sposalizio, RP-P-OB-70.814.jpg",set_a,"Huwelijk van Maria en Jozef Lo sposalizio, RP-P-OB-70.814.jpg",1920,2845,set_b/LA91918_3.jpg,work/images/set_b_LA91918_3.jpg,set_b,LA91918_3.jpg,320,403,0.8900721073150635,dino_threshold;dino_window,1,1,0,1,1.0,583
7373f0c7071d4b133626847b7b32cd913379dbda8e18b33a8dae4d9de889fd65,set_a/Historya biblijna dla rodzin chrzescijanskich T. 2 1896 (94009815).jpg,work/images/set_a_Historya biblijna dla rodzin chrzescijanskich T. 2 1896 (94009815).jpg,set_a,Historya biblijna dla rodzin chrzescijanskich T. 2 1896 (94009815).jpg,1920,2583,set_b/LA91918_0.jpg,work/images/set_b_LA91918_0.jpg,set_b,LA91918_0.jpg,335,512,0.8661542534828186,dino_threshold;dino_window,1,1,0,1,1.0,659
06d19f34ddc530c4ffb14bc201df0bc6f9fe1fca71d54d20f54fca121542c109,set_a/Historya biblijna dla rodzin chrzescijanskich T. 2 1896 (94009815).jpg,work/images/set_a_Historya biblijna dla rodzin chrzescijanskich T. 2 1896 (94009815).jpg,set_a,Historya biblijna dla rodzin chrzescijanskich T. 2 1896 (94009815).jpg,1920,2583,set_b/LA91918_2.jpg,work/images/set_b_LA91918_2.jpg,set_b,LA91918_2.jpg,320,489,0.8625336289405823,dino_threshold;dino_window,1,1,0,1,1.0,551
5cb044e683c2bd332e6003769925bc67a571a5e348baef22fe6f1a7d222aa98b,set_a/Historya biblijna dla rodzin chrzescijanskich T. 2 1896 (94009815).jpg,work/images/set_a_Historya biblijna dla rodzin chrzescijanskich T. 2 1896 (94009815).jpg,set_a,Historya biblijna dla rodzin chrzescijanskich T. 2 1896 (94009815).jpg,1920,2583,set_b/LA91918_3.jpg,work/images/set_b_LA91918_3.jpg,set_b,LA91918_3.jpg,320,403,0.8490372896194458,dino_threshold;dino_window,1,1,0,1,1.0,506
07b6aa8e7229d8c4e37d6cd1dbf12d11405797ec2df253580d79c2ea745f11da,set_a/Historya biblijna dla rodzin chrzescijanskich T. 2 1896 (94009815).jpg,work/images/set_a_Historya biblijna dla rodzin chrzescijanskich T. 2 1896 (94009815).jpg,set_a,Historya biblijna dla rodzin chrzescijanskich T. 2 1896 (94009815).jpg,1920,2583,set_b/LA91918_1.jpg,work/images/set_b_LA91918_1.jpg,set_b,LA91918_1.jpg,407,512,0.8464891910552979,dino_threshold;dino_window,1,1,0,1,1.0,506
5d5d960a938246751660426b3a0c16d585d3d3b02b62e08b9b5f0778ad58a9c9,"set_a/Rubens, le conseguenze della guerra, 1638, 02.jpg","work/images/set_a_Rubens, le conseguenze della guerra, 1638, 02.jpg",set_a,"Rubens, le conseguenze della guerra, 1638, 02.jpg",1920,1193,set_b/LA44146_0.jpg,work/images/set_b_LA44146_0.jpg,set_b,LA44146_0.jpg,640,441,0.8209646344184875,dino_threshold;dino_window,1,1,0,1,1.0,534
d73d997b8a34b18bc15d41a5f981267794d5418fbcd7356432395f7144116ad7,"set_a/Rubens, le conseguenze della guerra, 1638, 01.jpg","work/images/set_a_Rubens, le conseguenze della guerra, 1638, 01.jpg",set_a,"Rubens, le conseguenze della guerra, 1638, 01.jpg",1920,1426,set_b/LA44146_0.jpg,work/images/set_b_LA44146_0.jpg,set_b,LA44146_0.jpg,640,441,0.8207565546035767,dino_threshold;dino_window,1,1,0,1,1.0,570
12444bb8cbdfcf5e448b2c5418e1357ba435a4bfa433a8a5e16cb4e7ebd4ac24,"set_a/Peter Paul Rubens, Conseguenze della guerra, 1638, 01.jpg","work/images/set_a_Peter Paul Rubens, Conseguenze della guerra, 1638, 01.jpg",set_a,"Peter Paul Rubens, Conseguenze della guerra, 1638, 01.jpg",1920,1470,set_b/LA44146_0.jpg,work/images/set_b_LA44146_0.jpg,set_b,LA44146_0.jpg,640,441,0.8148072361946106,dino_threshold;dino_window,1,1,0,1,1.0,543
